id,createdAt,updatedAt,code,isClaimed,batchCodeId
clktju3d100gkjjue2ilg2573,Wed Aug 02 2023 15:22:08 GMT+0530 (India Standard Time),Wed Aug 02 2023 15:22:08 GMT+0530 (India Standard Time),jLRzAg,false,43
clktju3d700gljjue2jaegx31,Wed Aug 02 2023 15:22:08 GMT+0530 (India Standard Time),Wed Aug 02 2023 15:22:08 GMT+0530 (India Standard Time),gyHwRp,false,43
clktju3dd00gnjjuegdveuejw,Wed Aug 02 2023 15:22:08 GMT+0530 (India Standard Time),Wed Aug 02 2023 15:22:08 GMT+0530 (India Standard Time),yGgUxc,false,43
clktju3dk00gpjjue87u7ioge,Wed Aug 02 2023 15:22:08 GMT+0530 (India Standard Time),Wed Aug 02 2023 15:22:08 GMT+0530 (India Standard Time),xacYjJ,false,43
clktju3dq00grjjueowgg3lld,Wed Aug 02 2023 15:22:08 GMT+0530 (India Standard Time),Wed Aug 02 2023 15:22:08 GMT+0530 (India Standard Time),AhPSbp,false,43
clktju3dx00gsjjuenptulanr,Wed Aug 02 2023 15:22:08 GMT+0530 (India Standard Time),Wed Aug 02 2023 15:22:08 GMT+0530 (India Standard Time),AVdqME,false,43
clktju3e300gtjjueysh9zkr7,Wed Aug 02 2023 15:22:08 GMT+0530 (India Standard Time),Wed Aug 02 2023 15:22:08 GMT+0530 (India Standard Time),t8GXB3,false,43
clktju3e800gvjjuefo897p8i,Wed Aug 02 2023 15:22:08 GMT+0530 (India Standard Time),Wed Aug 02 2023 15:22:08 GMT+0530 (India Standard Time),ZypcnE,false,43
clktju3ef00gxjjue4xzwmaon,Wed Aug 02 2023 15:22:08 GMT+0530 (India Standard Time),Wed Aug 02 2023 15:22:08 GMT+0530 (India Standard Time),4PDtYx,false,43
clktju3ek00gzjjueazfljdth,Wed Aug 02 2023 15:22:08 GMT+0530 (India Standard Time),Wed Aug 02 2023 15:22:08 GMT+0530 (India Standard Time),pr2rEn,false,43
clktju3ep00h1jjue1zpc2scw,Wed Aug 02 2023 15:22:08 GMT+0530 (India Standard Time),Wed Aug 02 2023 15:22:08 GMT+0530 (India Standard Time),jPagLg,false,43
clktju3ey00h3jjueoyuexmkp,Wed Aug 02 2023 15:22:08 GMT+0530 (India Standard Time),Wed Aug 02 2023 15:22:08 GMT+0530 (India Standard Time),9REFVP,false,43
clktju3f300h5jjue3soxylgg,Wed Aug 02 2023 15:22:08 GMT+0530 (India Standard Time),Wed Aug 02 2023 15:22:08 GMT+0530 (India Standard Time),KHcDVO,false,43
clktju3fb00h7jjueg5b8a9o3,Wed Aug 02 2023 15:22:08 GMT+0530 (India Standard Time),Wed Aug 02 2023 15:22:08 GMT+0530 (India Standard Time),x9hMs6,false,43
clktju3ff00h9jjue5s8sve2i,Wed Aug 02 2023 15:22:08 GMT+0530 (India Standard Time),Wed Aug 02 2023 15:22:08 GMT+0530 (India Standard Time),wrQCJ7,false,43
clktju3fk00hbjjue4rj8dym5,Wed Aug 02 2023 15:22:08 GMT+0530 (India Standard Time),Wed Aug 02 2023 15:22:08 GMT+0530 (India Standard Time),2U55xc,false,43
clktju3fr00hcjjuemd0xechg,Wed Aug 02 2023 15:22:08 GMT+0530 (India Standard Time),Wed Aug 02 2023 15:22:08 GMT+0530 (India Standard Time),cNDUqn,false,43
clktju3fw00hejjuefo9z3t2m,Wed Aug 02 2023 15:22:08 GMT+0530 (India Standard Time),Wed Aug 02 2023 15:22:08 GMT+0530 (India Standard Time),rBdc4c,false,43
clktju3g100hfjjuesynytyso,Wed Aug 02 2023 15:22:08 GMT+0530 (India Standard Time),Wed Aug 02 2023 15:22:08 GMT+0530 (India Standard Time),F9m6GQ,false,43
clktju3g800hgjjuejhta8irq,Wed Aug 02 2023 15:22:08 GMT+0530 (India Standard Time),Wed Aug 02 2023 15:22:08 GMT+0530 (India Standard Time),f4PvMQ,false,43
clktju3gd00hijjuey8czfzzi,Wed Aug 02 2023 15:22:08 GMT+0530 (India Standard Time),Wed Aug 02 2023 15:22:08 GMT+0530 (India Standard Time),OmW36S,false,43
clktju3gi00hjjjuesjqo4hg1,Wed Aug 02 2023 15:22:08 GMT+0530 (India Standard Time),Wed Aug 02 2023 15:22:08 GMT+0530 (India Standard Time),Scrn7K,false,43
clktju3gn00hkjjueh1pzgxxd,Wed Aug 02 2023 15:22:08 GMT+0530 (India Standard Time),Wed Aug 02 2023 15:22:08 GMT+0530 (India Standard Time),16vndq,false,43
clktju3gs00hmjjue624u2aux,Wed Aug 02 2023 15:22:08 GMT+0530 (India Standard Time),Wed Aug 02 2023 15:22:08 GMT+0530 (India Standard Time),yTg6My,false,43
clktju3gx00hojjuepzhretat,Wed Aug 02 2023 15:22:08 GMT+0530 (India Standard Time),Wed Aug 02 2023 15:22:08 GMT+0530 (India Standard Time),3XY8e6,false,43
clktju3h200hqjjuedx2fvunr,Wed Aug 02 2023 15:22:08 GMT+0530 (India Standard Time),Wed Aug 02 2023 15:22:08 GMT+0530 (India Standard Time),hte6JP,false,43
clktju3h700hsjjueut35xixd,Wed Aug 02 2023 15:22:08 GMT+0530 (India Standard Time),Wed Aug 02 2023 15:22:08 GMT+0530 (India Standard Time),r2vxB0,false,43
clktju3hc00hujjueana9tg3a,Wed Aug 02 2023 15:22:08 GMT+0530 (India Standard Time),Wed Aug 02 2023 15:22:08 GMT+0530 (India Standard Time),9p0LJi,false,43
clktju3hh00hwjjuehmnkcolv,Wed Aug 02 2023 15:22:08 GMT+0530 (India Standard Time),Wed Aug 02 2023 15:22:08 GMT+0530 (India Standard Time),nXbh0N,false,43
clktju3hm00hyjjuevce8hc1z,Wed Aug 02 2023 15:22:08 GMT+0530 (India Standard Time),Wed Aug 02 2023 15:22:08 GMT+0530 (India Standard Time),1z80dh,false,43
clktju3hs00hzjjuewgmpb2me,Wed Aug 02 2023 15:22:08 GMT+0530 (India Standard Time),Wed Aug 02 2023 15:22:08 GMT+0530 (India Standard Time),excp9K,false,43
clktju3hx00i0jjue3cbv9w97,Wed Aug 02 2023 15:22:08 GMT+0530 (India Standard Time),Wed Aug 02 2023 15:22:08 GMT+0530 (India Standard Time),ahv5CV,false,43
clktju3i100i2jjue1r2hqmzy,Wed Aug 02 2023 15:22:08 GMT+0530 (India Standard Time),Wed Aug 02 2023 15:22:08 GMT+0530 (India Standard Time),cMSIuT,false,43
clktju3i600i4jjueztc5i4fk,Wed Aug 02 2023 15:22:08 GMT+0530 (India Standard Time),Wed Aug 02 2023 15:22:08 GMT+0530 (India Standard Time),2Wzwew,false,43
clktju3ib00i5jjuekhpnktbw,Wed Aug 02 2023 15:22:08 GMT+0530 (India Standard Time),Wed Aug 02 2023 15:22:08 GMT+0530 (India Standard Time),Mi51lv,false,43
clktju3ig00i7jjue8ohy7cfz,Wed Aug 02 2023 15:22:08 GMT+0530 (India Standard Time),Wed Aug 02 2023 15:22:08 GMT+0530 (India Standard Time),nmtBkK,false,43
clktju3il00i9jjueaqdd9a1o,Wed Aug 02 2023 15:22:08 GMT+0530 (India Standard Time),Wed Aug 02 2023 15:22:08 GMT+0530 (India Standard Time),w6JVrO,false,43
clktju3ir00ibjjuefl41r1sn,Wed Aug 02 2023 15:22:08 GMT+0530 (India Standard Time),Wed Aug 02 2023 15:22:08 GMT+0530 (India Standard Time),XqjL8b,false,43
clktju3ix00icjjuejhlngxi5,Wed Aug 02 2023 15:22:08 GMT+0530 (India Standard Time),Wed Aug 02 2023 15:22:08 GMT+0530 (India Standard Time),PKiDCS,false,43
clktju3j300idjjue3ygfw53e,Wed Aug 02 2023 15:22:08 GMT+0530 (India Standard Time),Wed Aug 02 2023 15:22:08 GMT+0530 (India Standard Time),YaDsWo,false,43
clktju3j900ifjjueixds27uk,Wed Aug 02 2023 15:22:08 GMT+0530 (India Standard Time),Wed Aug 02 2023 15:22:08 GMT+0530 (India Standard Time),PU7fKb,false,43
clktju3ji00igjjuel8r85rp4,Wed Aug 02 2023 15:22:08 GMT+0530 (India Standard Time),Wed Aug 02 2023 15:22:08 GMT+0530 (India Standard Time),4hWdv9,false,43
clktju3jn00iijjueji0j66pl,Wed Aug 02 2023 15:22:08 GMT+0530 (India Standard Time),Wed Aug 02 2023 15:22:08 GMT+0530 (India Standard Time),J4KV8u,false,43
clktju3ju00ijjjuevu0l8kkx,Wed Aug 02 2023 15:22:08 GMT+0530 (India Standard Time),Wed Aug 02 2023 15:22:08 GMT+0530 (India Standard Time),84wbYI,false,43
clktju3k000ikjjueimfnw6iq,Wed Aug 02 2023 15:22:08 GMT+0530 (India Standard Time),Wed Aug 02 2023 15:22:08 GMT+0530 (India Standard Time),3sMGFY,false,43
clktju3k500imjjue3z64i663,Wed Aug 02 2023 15:22:08 GMT+0530 (India Standard Time),Wed Aug 02 2023 15:22:08 GMT+0530 (India Standard Time),MrLJpX,false,43
clktju3kb00injjueuquhsa30,Wed Aug 02 2023 15:22:08 GMT+0530 (India Standard Time),Wed Aug 02 2023 15:22:08 GMT+0530 (India Standard Time),brmVQq,false,43
clktju3kh00ipjjue9mb1gdtw,Wed Aug 02 2023 15:22:08 GMT+0530 (India Standard Time),Wed Aug 02 2023 15:22:08 GMT+0530 (India Standard Time),kCedy0,false,43
clktju3km00irjjuee9m0j0vy,Wed Aug 02 2023 15:22:08 GMT+0530 (India Standard Time),Wed Aug 02 2023 15:22:08 GMT+0530 (India Standard Time),zKE8W2,false,43
clktju3kt00isjjuebwi8ml0w,Wed Aug 02 2023 15:22:08 GMT+0530 (India Standard Time),Wed Aug 02 2023 15:22:08 GMT+0530 (India Standard Time),G6gjDt,false,43
clktju3kz00itjjueejk9q80w,Wed Aug 02 2023 15:22:08 GMT+0530 (India Standard Time),Wed Aug 02 2023 15:22:08 GMT+0530 (India Standard Time),SHQIxO,false,43
clktju3l600ivjjuestn5zeer,Wed Aug 02 2023 15:22:08 GMT+0530 (India Standard Time),Wed Aug 02 2023 15:22:08 GMT+0530 (India Standard Time),VIgzHr,false,43
clktju3ld00ixjjueupio9psz,Wed Aug 02 2023 15:22:08 GMT+0530 (India Standard Time),Wed Aug 02 2023 15:22:08 GMT+0530 (India Standard Time),05SuIm,false,43
clktju3lj00iyjjuerktcgygi,Wed Aug 02 2023 15:22:08 GMT+0530 (India Standard Time),Wed Aug 02 2023 15:22:08 GMT+0530 (India Standard Time),NUAqJP,false,43
clktju3lo00izjjue7lxn4pfx,Wed Aug 02 2023 15:22:08 GMT+0530 (India Standard Time),Wed Aug 02 2023 15:22:08 GMT+0530 (India Standard Time),E3dVzG,false,43
clktju3lt00j0jjuewrqaw7ed,Wed Aug 02 2023 15:22:08 GMT+0530 (India Standard Time),Wed Aug 02 2023 15:22:08 GMT+0530 (India Standard Time),oERlbV,false,43
clktju3lz00j1jjueq05ip8zq,Wed Aug 02 2023 15:22:08 GMT+0530 (India Standard Time),Wed Aug 02 2023 15:22:08 GMT+0530 (India Standard Time),Vdpkzx,false,43
clktju3m700j3jjuerdb30c6n,Wed Aug 02 2023 15:22:08 GMT+0530 (India Standard Time),Wed Aug 02 2023 15:22:08 GMT+0530 (India Standard Time),xDaVCY,false,43
clktju3md00j4jjueoo9g2unx,Wed Aug 02 2023 15:22:08 GMT+0530 (India Standard Time),Wed Aug 02 2023 15:22:08 GMT+0530 (India Standard Time),Fla3Yd,false,43
clktju3ml00j6jjue2dbjfv0k,Wed Aug 02 2023 15:22:08 GMT+0530 (India Standard Time),Wed Aug 02 2023 15:22:08 GMT+0530 (India Standard Time),cwgNmu,false,43
clktju3ms00j7jjue1lojj1zf,Wed Aug 02 2023 15:22:08 GMT+0530 (India Standard Time),Wed Aug 02 2023 15:22:08 GMT+0530 (India Standard Time),fUUpK3,false,43
clktju3mx00j9jjuex57futon,Wed Aug 02 2023 15:22:08 GMT+0530 (India Standard Time),Wed Aug 02 2023 15:22:08 GMT+0530 (India Standard Time),gEOX8t,false,43
clktju3n300jbjjueyz2sj41k,Wed Aug 02 2023 15:22:08 GMT+0530 (India Standard Time),Wed Aug 02 2023 15:22:08 GMT+0530 (India Standard Time),ODJ2GZ,false,43
clktju3na00jcjjueoox5jtcl,Wed Aug 02 2023 15:22:08 GMT+0530 (India Standard Time),Wed Aug 02 2023 15:22:08 GMT+0530 (India Standard Time),oNzQqI,false,43
clktju3ng00jdjjuesk8221bv,Wed Aug 02 2023 15:22:08 GMT+0530 (India Standard Time),Wed Aug 02 2023 15:22:08 GMT+0530 (India Standard Time),y7NnRM,false,43
clktju3nl00jfjjue6y2bbudv,Wed Aug 02 2023 15:22:08 GMT+0530 (India Standard Time),Wed Aug 02 2023 15:22:08 GMT+0530 (India Standard Time),pkx1d0,false,43
clktju3nr00jgjjue94qcke1i,Wed Aug 02 2023 15:22:08 GMT+0530 (India Standard Time),Wed Aug 02 2023 15:22:08 GMT+0530 (India Standard Time),jquG1S,false,43
clktju3nx00jhjjueo2bae295,Wed Aug 02 2023 15:22:08 GMT+0530 (India Standard Time),Wed Aug 02 2023 15:22:08 GMT+0530 (India Standard Time),T1yKHi,false,43
clktju3o500jijjue83ksjt14,Wed Aug 02 2023 15:22:08 GMT+0530 (India Standard Time),Wed Aug 02 2023 15:22:08 GMT+0530 (India Standard Time),1ed7NA,false,43
clktju3oa00jkjjue530w0j8r,Wed Aug 02 2023 15:22:08 GMT+0530 (India Standard Time),Wed Aug 02 2023 15:22:08 GMT+0530 (India Standard Time),Q9nPCc,false,43
clktju3og00jmjjue54k2gepw,Wed Aug 02 2023 15:22:08 GMT+0530 (India Standard Time),Wed Aug 02 2023 15:22:08 GMT+0530 (India Standard Time),QLMp6Q,false,43
clktju3os00jojjue70h1f42p,Wed Aug 02 2023 15:22:09 GMT+0530 (India Standard Time),Wed Aug 02 2023 15:22:09 GMT+0530 (India Standard Time),ylJ1nb,false,43
clktju3p000jpjjueu5ygi8x2,Wed Aug 02 2023 15:22:09 GMT+0530 (India Standard Time),Wed Aug 02 2023 15:22:09 GMT+0530 (India Standard Time),pcUy0T,false,43
clktju3p600jrjjue7hvxe6my,Wed Aug 02 2023 15:22:09 GMT+0530 (India Standard Time),Wed Aug 02 2023 15:22:09 GMT+0530 (India Standard Time),MM5CyS,false,43
clktju3pd00jtjjuesvoc66sa,Wed Aug 02 2023 15:22:09 GMT+0530 (India Standard Time),Wed Aug 02 2023 15:22:09 GMT+0530 (India Standard Time),O2uzh1,false,43
clktju3pm00jvjjuez3ltcne4,Wed Aug 02 2023 15:22:09 GMT+0530 (India Standard Time),Wed Aug 02 2023 15:22:09 GMT+0530 (India Standard Time),LItoxJ,false,43
clktju3ps00jxjjue8wtsrmht,Wed Aug 02 2023 15:22:09 GMT+0530 (India Standard Time),Wed Aug 02 2023 15:22:09 GMT+0530 (India Standard Time),osX2TK,false,43
clktju3q200jyjjuet06bs1ec,Wed Aug 02 2023 15:22:09 GMT+0530 (India Standard Time),Wed Aug 02 2023 15:22:09 GMT+0530 (India Standard Time),O6z4zO,false,43
clktju3q900jzjjuehheie112,Wed Aug 02 2023 15:22:09 GMT+0530 (India Standard Time),Wed Aug 02 2023 15:22:09 GMT+0530 (India Standard Time),yO4SnT,false,43
clktju3qi00k0jjueu0zksz1p,Wed Aug 02 2023 15:22:09 GMT+0530 (India Standard Time),Wed Aug 02 2023 15:22:09 GMT+0530 (India Standard Time),K3yhmT,false,43
clktju3qp00k1jjue40k8azhe,Wed Aug 02 2023 15:22:09 GMT+0530 (India Standard Time),Wed Aug 02 2023 15:22:09 GMT+0530 (India Standard Time),4Xztd2,false,43
clktju3r000k3jjue8rzeyiaj,Wed Aug 02 2023 15:22:09 GMT+0530 (India Standard Time),Wed Aug 02 2023 15:22:09 GMT+0530 (India Standard Time),Nw9uY9,false,43
clktju3r700k4jjuem7bvxg9v,Wed Aug 02 2023 15:22:09 GMT+0530 (India Standard Time),Wed Aug 02 2023 15:22:09 GMT+0530 (India Standard Time),XLtsUH,false,43
clktju3rg00k5jjue65fj9p3m,Wed Aug 02 2023 15:22:09 GMT+0530 (India Standard Time),Wed Aug 02 2023 15:22:09 GMT+0530 (India Standard Time),zlbWpf,false,43
clktju3rm00k7jjuet0vktxbf,Wed Aug 02 2023 15:22:09 GMT+0530 (India Standard Time),Wed Aug 02 2023 15:22:09 GMT+0530 (India Standard Time),AVJgmr,false,43
clktju3rt00k8jjue5icl8m8n,Wed Aug 02 2023 15:22:09 GMT+0530 (India Standard Time),Wed Aug 02 2023 15:22:09 GMT+0530 (India Standard Time),xR6Wtd,false,43
clktju3rz00k9jjuehvlu4phw,Wed Aug 02 2023 15:22:09 GMT+0530 (India Standard Time),Wed Aug 02 2023 15:22:09 GMT+0530 (India Standard Time),XkqJ8G,false,43
clktju3s600kbjjuemk3c2bp1,Wed Aug 02 2023 15:22:09 GMT+0530 (India Standard Time),Wed Aug 02 2023 15:22:09 GMT+0530 (India Standard Time),qJB8H8,false,43
clktju3sd00kcjjue85yuzss0,Wed Aug 02 2023 15:22:09 GMT+0530 (India Standard Time),Wed Aug 02 2023 15:22:09 GMT+0530 (India Standard Time),RhjdKV,false,43
clktju3sk00kdjjueoi32jdf7,Wed Aug 02 2023 15:22:09 GMT+0530 (India Standard Time),Wed Aug 02 2023 15:22:09 GMT+0530 (India Standard Time),ByA3Oc,false,43
clktju3sr00kfjjue2r7hbyb2,Wed Aug 02 2023 15:22:09 GMT+0530 (India Standard Time),Wed Aug 02 2023 15:22:09 GMT+0530 (India Standard Time),NOcwTm,false,43
clktju3sz00khjjue30b9e38a,Wed Aug 02 2023 15:22:09 GMT+0530 (India Standard Time),Wed Aug 02 2023 15:22:09 GMT+0530 (India Standard Time),mAGqtq,false,43
clktju3t600kijjueghxgw0sq,Wed Aug 02 2023 15:22:09 GMT+0530 (India Standard Time),Wed Aug 02 2023 15:22:09 GMT+0530 (India Standard Time),HMRMP8,false,43
clktju3te00kjjjuesdzfeiuu,Wed Aug 02 2023 15:22:09 GMT+0530 (India Standard Time),Wed Aug 02 2023 15:22:09 GMT+0530 (India Standard Time),Qr26NU,false,43
clktju3tm00kljjue5huk8wfx,Wed Aug 02 2023 15:22:09 GMT+0530 (India Standard Time),Wed Aug 02 2023 15:22:09 GMT+0530 (India Standard Time),sZB0dR,false,43
clktju3tt00kmjjueczfxou2i,Wed Aug 02 2023 15:22:09 GMT+0530 (India Standard Time),Wed Aug 02 2023 15:22:09 GMT+0530 (India Standard Time),ygwv5I,false,43
clktju3u100kojjueh8q4igss,Wed Aug 02 2023 15:22:09 GMT+0530 (India Standard Time),Wed Aug 02 2023 15:22:09 GMT+0530 (India Standard Time),LvINXL,false,43
clktju3u900kpjjuetimdpuzq,Wed Aug 02 2023 15:22:09 GMT+0530 (India Standard Time),Wed Aug 02 2023 15:22:09 GMT+0530 (India Standard Time),8SVRQ9,false,43
clktju3ug00kqjjuey8cwoh76,Wed Aug 02 2023 15:22:09 GMT+0530 (India Standard Time),Wed Aug 02 2023 15:22:09 GMT+0530 (India Standard Time),xbtDO8,false,43
clktju3uo00ksjjueqpfluv2h,Wed Aug 02 2023 15:22:09 GMT+0530 (India Standard Time),Wed Aug 02 2023 15:22:09 GMT+0530 (India Standard Time),vE9yvA,false,43
clktju3uv00kujjue2fcsx8nn,Wed Aug 02 2023 15:22:09 GMT+0530 (India Standard Time),Wed Aug 02 2023 15:22:09 GMT+0530 (India Standard Time),o83jhG,false,43
clktju3v300kwjjuep6n19r02,Wed Aug 02 2023 15:22:09 GMT+0530 (India Standard Time),Wed Aug 02 2023 15:22:09 GMT+0530 (India Standard Time),ALPhM9,false,43
clktju3v800kyjjueep7subhf,Wed Aug 02 2023 15:22:09 GMT+0530 (India Standard Time),Wed Aug 02 2023 15:22:09 GMT+0530 (India Standard Time),2g6tdO,false,43
clktju3vg00l0jjuedvn402cj,Wed Aug 02 2023 15:22:09 GMT+0530 (India Standard Time),Wed Aug 02 2023 15:22:09 GMT+0530 (India Standard Time),b95H18,false,43
clktju3vn00l2jjue5nygtf8v,Wed Aug 02 2023 15:22:09 GMT+0530 (India Standard Time),Wed Aug 02 2023 15:22:09 GMT+0530 (India Standard Time),vaE4NK,false,43
clktju3vt00l4jjue630hyjfz,Wed Aug 02 2023 15:22:09 GMT+0530 (India Standard Time),Wed Aug 02 2023 15:22:09 GMT+0530 (India Standard Time),Riw3jl,false,43
clktju3w100l5jjue4c8i5i6i,Wed Aug 02 2023 15:22:09 GMT+0530 (India Standard Time),Wed Aug 02 2023 15:22:09 GMT+0530 (India Standard Time),gsIv32,false,43
clktju3w700l7jjuetqk9lztz,Wed Aug 02 2023 15:22:09 GMT+0530 (India Standard Time),Wed Aug 02 2023 15:22:09 GMT+0530 (India Standard Time),YJgk8T,false,43
clktju3we00l9jjue88b23v5g,Wed Aug 02 2023 15:22:09 GMT+0530 (India Standard Time),Wed Aug 02 2023 15:22:09 GMT+0530 (India Standard Time),BOTznk,false,43
clktju3wk00lbjjueugeuwpeg,Wed Aug 02 2023 15:22:09 GMT+0530 (India Standard Time),Wed Aug 02 2023 15:22:09 GMT+0530 (India Standard Time),1gYmPw,false,43
clktju3wp00lcjjueqcf5tfpb,Wed Aug 02 2023 15:22:09 GMT+0530 (India Standard Time),Wed Aug 02 2023 15:22:09 GMT+0530 (India Standard Time),QOD1ds,false,43
clktju3wv00ldjjuer4m7uyb6,Wed Aug 02 2023 15:22:09 GMT+0530 (India Standard Time),Wed Aug 02 2023 15:22:09 GMT+0530 (India Standard Time),NFkC0g,false,43
clktju3x100lejjueu6p1sak5,Wed Aug 02 2023 15:22:09 GMT+0530 (India Standard Time),Wed Aug 02 2023 15:22:09 GMT+0530 (India Standard Time),QHr7s1,false,43
clktju3x600lfjjue1fijwnvg,Wed Aug 02 2023 15:22:09 GMT+0530 (India Standard Time),Wed Aug 02 2023 15:22:09 GMT+0530 (India Standard Time),XI0E2M,false,43
clktju3xe00lgjjue2rwax4ac,Wed Aug 02 2023 15:22:09 GMT+0530 (India Standard Time),Wed Aug 02 2023 15:22:09 GMT+0530 (India Standard Time),IHyanJ,false,43
clktju3xk00lijjuefup8kl6j,Wed Aug 02 2023 15:22:09 GMT+0530 (India Standard Time),Wed Aug 02 2023 15:22:09 GMT+0530 (India Standard Time),CGIwpD,false,43
clktju3xp00ljjjuegduong9z,Wed Aug 02 2023 15:22:09 GMT+0530 (India Standard Time),Wed Aug 02 2023 15:22:09 GMT+0530 (India Standard Time),4fqq5p,false,43
clktju3xw00lljjuesu28szbp,Wed Aug 02 2023 15:22:09 GMT+0530 (India Standard Time),Wed Aug 02 2023 15:22:09 GMT+0530 (India Standard Time),4dz8iP,false,43
clktju3y100lnjjuepicosnjc,Wed Aug 02 2023 15:22:09 GMT+0530 (India Standard Time),Wed Aug 02 2023 15:22:09 GMT+0530 (India Standard Time),YEZ926,false,43
clktju3y500lojjuey0up293x,Wed Aug 02 2023 15:22:09 GMT+0530 (India Standard Time),Wed Aug 02 2023 15:22:09 GMT+0530 (India Standard Time),a87sym,false,43
clktju3ya00lpjjuemlps914d,Wed Aug 02 2023 15:22:09 GMT+0530 (India Standard Time),Wed Aug 02 2023 15:22:09 GMT+0530 (India Standard Time),KbXDyg,false,43
clktju3yg00lqjjuetrlqqoag,Wed Aug 02 2023 15:22:09 GMT+0530 (India Standard Time),Wed Aug 02 2023 15:22:09 GMT+0530 (India Standard Time),p7CSO3,false,43
clktju3yl00lrjjueilx4bnz0,Wed Aug 02 2023 15:22:09 GMT+0530 (India Standard Time),Wed Aug 02 2023 15:22:09 GMT+0530 (India Standard Time),LpVgxj,false,43
clktju3yq00lsjjuerm5aei8q,Wed Aug 02 2023 15:22:09 GMT+0530 (India Standard Time),Wed Aug 02 2023 15:22:09 GMT+0530 (India Standard Time),wXJEOl,false,43
clktju3yw00ltjjuer7dhsuc3,Wed Aug 02 2023 15:22:09 GMT+0530 (India Standard Time),Wed Aug 02 2023 15:22:09 GMT+0530 (India Standard Time),WBTq3Y,false,43
clktju3z000lvjjuesz7ehy6u,Wed Aug 02 2023 15:22:09 GMT+0530 (India Standard Time),Wed Aug 02 2023 15:22:09 GMT+0530 (India Standard Time),Xrnmnc,false,43
clktju3z500lwjjuem5tw7dn0,Wed Aug 02 2023 15:22:09 GMT+0530 (India Standard Time),Wed Aug 02 2023 15:22:09 GMT+0530 (India Standard Time),yixpdW,false,43
clktju3za00lyjjueh9dq5veb,Wed Aug 02 2023 15:22:09 GMT+0530 (India Standard Time),Wed Aug 02 2023 15:22:09 GMT+0530 (India Standard Time),4OBZwa,false,43
clktju3zf00lzjjue2ba6p12a,Wed Aug 02 2023 15:22:09 GMT+0530 (India Standard Time),Wed Aug 02 2023 15:22:09 GMT+0530 (India Standard Time),Wto2GI,false,43
clktju3zk00m1jjue5msbctog,Wed Aug 02 2023 15:22:09 GMT+0530 (India Standard Time),Wed Aug 02 2023 15:22:09 GMT+0530 (India Standard Time),2sJbUX,false,43
clktju3zq00m3jjuei1uqcmlc,Wed Aug 02 2023 15:22:09 GMT+0530 (India Standard Time),Wed Aug 02 2023 15:22:09 GMT+0530 (India Standard Time),yifWr2,false,43
clktju3zv00m5jjuelol2xzi2,Wed Aug 02 2023 15:22:09 GMT+0530 (India Standard Time),Wed Aug 02 2023 15:22:09 GMT+0530 (India Standard Time),Yti85x,false,43
clktju40000m7jjue20diedg4,Wed Aug 02 2023 15:22:09 GMT+0530 (India Standard Time),Wed Aug 02 2023 15:22:09 GMT+0530 (India Standard Time),6a7dYl,false,43
clktju40500m8jjue7h4j293o,Wed Aug 02 2023 15:22:09 GMT+0530 (India Standard Time),Wed Aug 02 2023 15:22:09 GMT+0530 (India Standard Time),jy13oH,false,43
clktju40a00m9jjue0j2y9pzs,Wed Aug 02 2023 15:22:09 GMT+0530 (India Standard Time),Wed Aug 02 2023 15:22:09 GMT+0530 (India Standard Time),I3oN85,false,43
clktju40f00mbjjueuvgp468x,Wed Aug 02 2023 15:22:09 GMT+0530 (India Standard Time),Wed Aug 02 2023 15:22:09 GMT+0530 (India Standard Time),qVRAdc,false,43
clktju40k00mcjjuecwd745p6,Wed Aug 02 2023 15:22:09 GMT+0530 (India Standard Time),Wed Aug 02 2023 15:22:09 GMT+0530 (India Standard Time),va4ZJT,false,43
clktju40q00mejjue7hne87fv,Wed Aug 02 2023 15:22:09 GMT+0530 (India Standard Time),Wed Aug 02 2023 15:22:09 GMT+0530 (India Standard Time),N5OqrD,false,43
clktju40v00mgjjuekjh2a1ax,Wed Aug 02 2023 15:22:09 GMT+0530 (India Standard Time),Wed Aug 02 2023 15:22:09 GMT+0530 (India Standard Time),scCsa7,false,43
clktju41200mhjjuezhv7jift,Wed Aug 02 2023 15:22:09 GMT+0530 (India Standard Time),Wed Aug 02 2023 15:22:09 GMT+0530 (India Standard Time),0piU8w,false,43
clktju41700mijjuel7g9i4z0,Wed Aug 02 2023 15:22:09 GMT+0530 (India Standard Time),Wed Aug 02 2023 15:22:09 GMT+0530 (India Standard Time),aYSnaV,false,43
clktju41d00mkjjueqtpzzi82,Wed Aug 02 2023 15:22:09 GMT+0530 (India Standard Time),Wed Aug 02 2023 15:22:09 GMT+0530 (India Standard Time),zDxhrP,false,43
clktju41j00mljjueof1bpng3,Wed Aug 02 2023 15:22:09 GMT+0530 (India Standard Time),Wed Aug 02 2023 15:22:09 GMT+0530 (India Standard Time),FG76ey,false,43
clktju41p00mmjjueteis7cs9,Wed Aug 02 2023 15:22:09 GMT+0530 (India Standard Time),Wed Aug 02 2023 15:22:09 GMT+0530 (India Standard Time),Vzx2Qi,false,43
clktju41u00mnjjuefmmrmyuj,Wed Aug 02 2023 15:22:09 GMT+0530 (India Standard Time),Wed Aug 02 2023 15:22:09 GMT+0530 (India Standard Time),SXxSYx,false,43
clktju41y00mpjjue2i5ilcue,Wed Aug 02 2023 15:22:09 GMT+0530 (India Standard Time),Wed Aug 02 2023 15:22:09 GMT+0530 (India Standard Time),MRiiJX,false,43
clktju42400mqjjuel9cnl5q5,Wed Aug 02 2023 15:22:09 GMT+0530 (India Standard Time),Wed Aug 02 2023 15:22:09 GMT+0530 (India Standard Time),KlR6r9,false,43
clktju42900msjjuegtyxc3si,Wed Aug 02 2023 15:22:09 GMT+0530 (India Standard Time),Wed Aug 02 2023 15:22:09 GMT+0530 (India Standard Time),2TlZOS,false,43
clktju42g00mujjuexbq6pex6,Wed Aug 02 2023 15:22:09 GMT+0530 (India Standard Time),Wed Aug 02 2023 15:22:09 GMT+0530 (India Standard Time),VuB9gS,false,43
clktju42k00mvjjuer8tlzoza,Wed Aug 02 2023 15:22:09 GMT+0530 (India Standard Time),Wed Aug 02 2023 15:22:09 GMT+0530 (India Standard Time),cjgwWd,false,43
clktju42p00mxjjue6a0ozdnj,Wed Aug 02 2023 15:22:09 GMT+0530 (India Standard Time),Wed Aug 02 2023 15:22:09 GMT+0530 (India Standard Time),QyOX5v,false,43
clktju42u00mzjjuegf6xkheo,Wed Aug 02 2023 15:22:09 GMT+0530 (India Standard Time),Wed Aug 02 2023 15:22:09 GMT+0530 (India Standard Time),P3lb7F,false,43
clktju42z00n0jjuez0k7n3l5,Wed Aug 02 2023 15:22:09 GMT+0530 (India Standard Time),Wed Aug 02 2023 15:22:09 GMT+0530 (India Standard Time),qYby3Z,false,43
clktju43500n1jjuemciybh2h,Wed Aug 02 2023 15:22:09 GMT+0530 (India Standard Time),Wed Aug 02 2023 15:22:09 GMT+0530 (India Standard Time),LEVk9o,false,43
clktju43a00n3jjuem2ry5m7j,Wed Aug 02 2023 15:22:09 GMT+0530 (India Standard Time),Wed Aug 02 2023 15:22:09 GMT+0530 (India Standard Time),IkGxUU,false,43
clktju43f00n5jjuehfw7zrke,Wed Aug 02 2023 15:22:09 GMT+0530 (India Standard Time),Wed Aug 02 2023 15:22:09 GMT+0530 (India Standard Time),iC8hO4,false,43
clktju43k00n7jjuekvk42gyw,Wed Aug 02 2023 15:22:09 GMT+0530 (India Standard Time),Wed Aug 02 2023 15:22:09 GMT+0530 (India Standard Time),AgUWGS,false,43
clktju43q00n8jjuep2z6a5ll,Wed Aug 02 2023 15:22:09 GMT+0530 (India Standard Time),Wed Aug 02 2023 15:22:09 GMT+0530 (India Standard Time),KMypjU,false,43
clktju43v00najjueeeayhyqx,Wed Aug 02 2023 15:22:09 GMT+0530 (India Standard Time),Wed Aug 02 2023 15:22:09 GMT+0530 (India Standard Time),y0JTwZ,false,43
clktju44000ncjjuejvw78g8p,Wed Aug 02 2023 15:22:09 GMT+0530 (India Standard Time),Wed Aug 02 2023 15:22:09 GMT+0530 (India Standard Time),mcu5Fy,false,43
clktju44500nejjue4jdi8g32,Wed Aug 02 2023 15:22:09 GMT+0530 (India Standard Time),Wed Aug 02 2023 15:22:09 GMT+0530 (India Standard Time),yPDuVO,false,43
clktju44b00nfjjuezgslx7qq,Wed Aug 02 2023 15:22:09 GMT+0530 (India Standard Time),Wed Aug 02 2023 15:22:09 GMT+0530 (India Standard Time),9Fz0bS,false,43
clktju44g00nhjjuekq5w3wpq,Wed Aug 02 2023 15:22:09 GMT+0530 (India Standard Time),Wed Aug 02 2023 15:22:09 GMT+0530 (India Standard Time),2MkPa3,false,43
clktju44m00nijjuez9gzx5gn,Wed Aug 02 2023 15:22:09 GMT+0530 (India Standard Time),Wed Aug 02 2023 15:22:09 GMT+0530 (India Standard Time),uNlvkS,false,43
clktju44r00njjjuekjn2datn,Wed Aug 02 2023 15:22:09 GMT+0530 (India Standard Time),Wed Aug 02 2023 15:22:09 GMT+0530 (India Standard Time),KVRMV2,false,43
clktju44w00nkjjue1c8ca6ug,Wed Aug 02 2023 15:22:09 GMT+0530 (India Standard Time),Wed Aug 02 2023 15:22:09 GMT+0530 (India Standard Time),cZUVYj,false,43
clktju45100nljjueu8772t22,Wed Aug 02 2023 15:22:09 GMT+0530 (India Standard Time),Wed Aug 02 2023 15:22:09 GMT+0530 (India Standard Time),vlG5LM,false,43
clktju45700nnjjuefsmwlbuo,Wed Aug 02 2023 15:22:09 GMT+0530 (India Standard Time),Wed Aug 02 2023 15:22:09 GMT+0530 (India Standard Time),Nohjl0,false,43
clktju45c00npjjue6elsh8dk,Wed Aug 02 2023 15:22:09 GMT+0530 (India Standard Time),Wed Aug 02 2023 15:22:09 GMT+0530 (India Standard Time),Fd8vh4,false,43
clktju45h00nqjjuec4ul8sjt,Wed Aug 02 2023 15:22:09 GMT+0530 (India Standard Time),Wed Aug 02 2023 15:22:09 GMT+0530 (India Standard Time),sBwI70,false,43
clktju45n00nsjjuekwrbt37t,Wed Aug 02 2023 15:22:09 GMT+0530 (India Standard Time),Wed Aug 02 2023 15:22:09 GMT+0530 (India Standard Time),9eVR35,false,43
clktju45t00ntjjue8eupc8f1,Wed Aug 02 2023 15:22:09 GMT+0530 (India Standard Time),Wed Aug 02 2023 15:22:09 GMT+0530 (India Standard Time),Pijua1,false,43
clktju45y00nujjue8gdguka4,Wed Aug 02 2023 15:22:09 GMT+0530 (India Standard Time),Wed Aug 02 2023 15:22:09 GMT+0530 (India Standard Time),G0xXGE,false,43
clktju46300nvjjuetzy36vst,Wed Aug 02 2023 15:22:09 GMT+0530 (India Standard Time),Wed Aug 02 2023 15:22:09 GMT+0530 (India Standard Time),Sl113F,false,43
clktju46900nwjjueepccs96z,Wed Aug 02 2023 15:22:09 GMT+0530 (India Standard Time),Wed Aug 02 2023 15:22:09 GMT+0530 (India Standard Time),twFxUb,false,43
clktju46e00nxjjuezspjkj1w,Wed Aug 02 2023 15:22:09 GMT+0530 (India Standard Time),Wed Aug 02 2023 15:22:09 GMT+0530 (India Standard Time),sGmpIm,false,43
clktju46k00nyjjuem2g0586r,Wed Aug 02 2023 15:22:09 GMT+0530 (India Standard Time),Wed Aug 02 2023 15:22:09 GMT+0530 (India Standard Time),9LZbIx,false,43
clktju46r00nzjjuegi616zt4,Wed Aug 02 2023 15:22:09 GMT+0530 (India Standard Time),Wed Aug 02 2023 15:22:09 GMT+0530 (India Standard Time),43nJrL,false,43
clktju46w00o0jjuejff3zkq7,Wed Aug 02 2023 15:22:09 GMT+0530 (India Standard Time),Wed Aug 02 2023 15:22:09 GMT+0530 (India Standard Time),Wxn052,false,43
clktju47200o1jjuetrlm67um,Wed Aug 02 2023 15:22:09 GMT+0530 (India Standard Time),Wed Aug 02 2023 15:22:09 GMT+0530 (India Standard Time),Th1Sv1,false,43
clktju47700o2jjued79at37j,Wed Aug 02 2023 15:22:09 GMT+0530 (India Standard Time),Wed Aug 02 2023 15:22:09 GMT+0530 (India Standard Time),o4ZywN,false,43
clktju47d00o4jjueoym83k4t,Wed Aug 02 2023 15:22:09 GMT+0530 (India Standard Time),Wed Aug 02 2023 15:22:09 GMT+0530 (India Standard Time),7GNPmb,false,43
clktju47i00o6jjue4r6d1mtc,Wed Aug 02 2023 15:22:09 GMT+0530 (India Standard Time),Wed Aug 02 2023 15:22:09 GMT+0530 (India Standard Time),2JY7xq,false,43
clktju47o00o8jjuefuln3zit,Wed Aug 02 2023 15:22:09 GMT+0530 (India Standard Time),Wed Aug 02 2023 15:22:09 GMT+0530 (India Standard Time),Gt7Lw0,false,43
clktju47u00o9jjued4209ydl,Wed Aug 02 2023 15:22:09 GMT+0530 (India Standard Time),Wed Aug 02 2023 15:22:09 GMT+0530 (India Standard Time),dUlZf0,false,43
clktju48000objjueptk06uh7,Wed Aug 02 2023 15:22:09 GMT+0530 (India Standard Time),Wed Aug 02 2023 15:22:09 GMT+0530 (India Standard Time),aAcfX0,false,43
clktju48c00ocjjuerbapoqzr,Wed Aug 02 2023 15:22:09 GMT+0530 (India Standard Time),Wed Aug 02 2023 15:22:09 GMT+0530 (India Standard Time),5DalO1,false,43
clktju48n00odjjuee3dbcvd9,Wed Aug 02 2023 15:22:09 GMT+0530 (India Standard Time),Wed Aug 02 2023 15:22:09 GMT+0530 (India Standard Time),ok2t8D,false,43
clktju48s00ofjjuebnb016qw,Wed Aug 02 2023 15:22:09 GMT+0530 (India Standard Time),Wed Aug 02 2023 15:22:09 GMT+0530 (India Standard Time),O7dZS9,false,43
clktju48x00ogjjuefvy6mxn6,Wed Aug 02 2023 15:22:09 GMT+0530 (India Standard Time),Wed Aug 02 2023 15:22:09 GMT+0530 (India Standard Time),yUOvHO,false,43
clktju49300oijjueswt462lz,Wed Aug 02 2023 15:22:09 GMT+0530 (India Standard Time),Wed Aug 02 2023 15:22:09 GMT+0530 (India Standard Time),wpseBX,false,43
clktju49800okjjuekm1nsou4,Wed Aug 02 2023 15:22:09 GMT+0530 (India Standard Time),Wed Aug 02 2023 15:22:09 GMT+0530 (India Standard Time),C104i1,false,43
clktju49d00omjjue5qbjmopw,Wed Aug 02 2023 15:22:09 GMT+0530 (India Standard Time),Wed Aug 02 2023 15:22:09 GMT+0530 (India Standard Time),GsKz8h,false,43
clktju49i00onjjues0w3rem2,Wed Aug 02 2023 15:22:09 GMT+0530 (India Standard Time),Wed Aug 02 2023 15:22:09 GMT+0530 (India Standard Time),hkTZnb,false,43
clktju49o00oojjuebytr3hsz,Wed Aug 02 2023 15:22:09 GMT+0530 (India Standard Time),Wed Aug 02 2023 15:22:09 GMT+0530 (India Standard Time),nHeZDd,false,43
clktju49t00oqjjueitkchi4q,Wed Aug 02 2023 15:22:09 GMT+0530 (India Standard Time),Wed Aug 02 2023 15:22:09 GMT+0530 (India Standard Time),kcet54,false,43
clktju4a300osjjuebl5d58oe,Wed Aug 02 2023 15:22:09 GMT+0530 (India Standard Time),Wed Aug 02 2023 15:22:09 GMT+0530 (India Standard Time),ynZWXz,false,44
clktju4a800oujjue4om94ii6,Wed Aug 02 2023 15:22:09 GMT+0530 (India Standard Time),Wed Aug 02 2023 15:22:09 GMT+0530 (India Standard Time),Te1ayg,false,44
clktju4ad00ovjjuekethonp5,Wed Aug 02 2023 15:22:09 GMT+0530 (India Standard Time),Wed Aug 02 2023 15:22:09 GMT+0530 (India Standard Time),ztK8Bt,false,44
clktju4aj00owjjue2boxcl7p,Wed Aug 02 2023 15:22:09 GMT+0530 (India Standard Time),Wed Aug 02 2023 15:22:09 GMT+0530 (India Standard Time),DEfDwv,false,44
clktju4ao00oxjjue1prx82gw,Wed Aug 02 2023 15:22:09 GMT+0530 (India Standard Time),Wed Aug 02 2023 15:22:09 GMT+0530 (India Standard Time),N9d9eX,false,44
clktju4at00oyjjueqef65icm,Wed Aug 02 2023 15:22:09 GMT+0530 (India Standard Time),Wed Aug 02 2023 15:22:09 GMT+0530 (India Standard Time),NW5iSu,false,44
clktju4ay00p0jjuewjna2n4r,Wed Aug 02 2023 15:22:09 GMT+0530 (India Standard Time),Wed Aug 02 2023 15:22:09 GMT+0530 (India Standard Time),4jBSHl,false,44
clktju4b300p1jjue2gp7i4nz,Wed Aug 02 2023 15:22:09 GMT+0530 (India Standard Time),Wed Aug 02 2023 15:22:09 GMT+0530 (India Standard Time),RiSYWr,false,44
clktju4ba00p3jjue50r7c5i0,Wed Aug 02 2023 15:22:09 GMT+0530 (India Standard Time),Wed Aug 02 2023 15:22:09 GMT+0530 (India Standard Time),TRcYk0,false,44
clktju4bf00p4jjueu9elxocx,Wed Aug 02 2023 15:22:09 GMT+0530 (India Standard Time),Wed Aug 02 2023 15:22:09 GMT+0530 (India Standard Time),8XXiGD,false,44
clktju4bk00p5jjue7nvml5x5,Wed Aug 02 2023 15:22:09 GMT+0530 (India Standard Time),Wed Aug 02 2023 15:22:09 GMT+0530 (India Standard Time),3rf8KI,false,44
clktju4bp00p6jjue5v5ejp8p,Wed Aug 02 2023 15:22:09 GMT+0530 (India Standard Time),Wed Aug 02 2023 15:22:09 GMT+0530 (India Standard Time),9Pkzy1,false,44
clktju4bv00p8jjuek64wwtpl,Wed Aug 02 2023 15:22:09 GMT+0530 (India Standard Time),Wed Aug 02 2023 15:22:09 GMT+0530 (India Standard Time),59z8tT,false,44
clktju4c000pajjueexcpk2ui,Wed Aug 02 2023 15:22:09 GMT+0530 (India Standard Time),Wed Aug 02 2023 15:22:09 GMT+0530 (India Standard Time),cGHa4P,false,44
clktju4c500pbjjuegbcwm1nk,Wed Aug 02 2023 15:22:09 GMT+0530 (India Standard Time),Wed Aug 02 2023 15:22:09 GMT+0530 (India Standard Time),19FyZ3,false,44
clktju4ca00pcjjueopdpo7vd,Wed Aug 02 2023 15:22:09 GMT+0530 (India Standard Time),Wed Aug 02 2023 15:22:09 GMT+0530 (India Standard Time),m4x2NR,false,44
clktju4cf00pejjuegrl42o6a,Wed Aug 02 2023 15:22:09 GMT+0530 (India Standard Time),Wed Aug 02 2023 15:22:09 GMT+0530 (India Standard Time),ll3zta,false,44
clktju4cl00pgjjuef7qidkab,Wed Aug 02 2023 15:22:09 GMT+0530 (India Standard Time),Wed Aug 02 2023 15:22:09 GMT+0530 (India Standard Time),12Puhq,false,44
clktju4cr00phjjue7i11frkh,Wed Aug 02 2023 15:22:09 GMT+0530 (India Standard Time),Wed Aug 02 2023 15:22:09 GMT+0530 (India Standard Time),b7OMBP,false,44
clktju4cw00pijjuedygdgqks,Wed Aug 02 2023 15:22:09 GMT+0530 (India Standard Time),Wed Aug 02 2023 15:22:09 GMT+0530 (India Standard Time),sgas7z,false,44
clktju4d100pjjjuesz2ymz8y,Wed Aug 02 2023 15:22:09 GMT+0530 (India Standard Time),Wed Aug 02 2023 15:22:09 GMT+0530 (India Standard Time),YLk03X,false,44
clktju4d500pkjjue4vozevyf,Wed Aug 02 2023 15:22:09 GMT+0530 (India Standard Time),Wed Aug 02 2023 15:22:09 GMT+0530 (India Standard Time),3xfW3B,false,44
clktju4da00pmjjueczw0basr,Wed Aug 02 2023 15:22:09 GMT+0530 (India Standard Time),Wed Aug 02 2023 15:22:09 GMT+0530 (India Standard Time),tfzVrt,false,44
clktju4df00pnjjue7usetmsh,Wed Aug 02 2023 15:22:09 GMT+0530 (India Standard Time),Wed Aug 02 2023 15:22:09 GMT+0530 (India Standard Time),6CA97S,false,44
clktju4dk00pojjueb61t8thh,Wed Aug 02 2023 15:22:09 GMT+0530 (India Standard Time),Wed Aug 02 2023 15:22:09 GMT+0530 (India Standard Time),fyN4Ml,false,44
clktju4dp00pqjjuef8duwxr6,Wed Aug 02 2023 15:22:09 GMT+0530 (India Standard Time),Wed Aug 02 2023 15:22:09 GMT+0530 (India Standard Time),sWedxb,false,44
clktju4dv00psjjuehg2ur94n,Wed Aug 02 2023 15:22:09 GMT+0530 (India Standard Time),Wed Aug 02 2023 15:22:09 GMT+0530 (India Standard Time),2Ae3Fo,false,44
clktju4e200pujjuejdqzfxu0,Wed Aug 02 2023 15:22:09 GMT+0530 (India Standard Time),Wed Aug 02 2023 15:22:09 GMT+0530 (India Standard Time),anZkZy,false,44
clktju4ea00pvjjue2huhwb7k,Wed Aug 02 2023 15:22:09 GMT+0530 (India Standard Time),Wed Aug 02 2023 15:22:09 GMT+0530 (India Standard Time),vlsAaV,false,44
clktju4ef00pxjjue6m9om9nn,Wed Aug 02 2023 15:22:09 GMT+0530 (India Standard Time),Wed Aug 02 2023 15:22:09 GMT+0530 (India Standard Time),59evyU,false,44
clktju4em00pzjjuede8se59j,Wed Aug 02 2023 15:22:09 GMT+0530 (India Standard Time),Wed Aug 02 2023 15:22:09 GMT+0530 (India Standard Time),cYBdHU,false,44
clktju4er00q1jjueantc5bmo,Wed Aug 02 2023 15:22:09 GMT+0530 (India Standard Time),Wed Aug 02 2023 15:22:09 GMT+0530 (India Standard Time),kv8WRl,false,44
clktju4ew00q2jjuejiuxbwlr,Wed Aug 02 2023 15:22:09 GMT+0530 (India Standard Time),Wed Aug 02 2023 15:22:09 GMT+0530 (India Standard Time),a8u2qQ,false,44
clktju4f200q3jjue8v4gtna9,Wed Aug 02 2023 15:22:09 GMT+0530 (India Standard Time),Wed Aug 02 2023 15:22:09 GMT+0530 (India Standard Time),d9ma6L,false,44
clktju4f700q5jjuei3y8jczf,Wed Aug 02 2023 15:22:09 GMT+0530 (India Standard Time),Wed Aug 02 2023 15:22:09 GMT+0530 (India Standard Time),WYn8j7,false,44
clktju4fc00q6jjuepv8fl18n,Wed Aug 02 2023 15:22:09 GMT+0530 (India Standard Time),Wed Aug 02 2023 15:22:09 GMT+0530 (India Standard Time),z7wFOc,false,44
clktju4fg00q8jjueofhhxw19,Wed Aug 02 2023 15:22:09 GMT+0530 (India Standard Time),Wed Aug 02 2023 15:22:09 GMT+0530 (India Standard Time),4ZKvS7,false,44
clktju4fk00qajjuexc2czgi7,Wed Aug 02 2023 15:22:09 GMT+0530 (India Standard Time),Wed Aug 02 2023 15:22:09 GMT+0530 (India Standard Time),LzGwnJ,false,44
clktju4fp00qbjjuevzf7l40r,Wed Aug 02 2023 15:22:09 GMT+0530 (India Standard Time),Wed Aug 02 2023 15:22:09 GMT+0530 (India Standard Time),Hv94BA,false,44
clktju4fu00qcjjue5mghyblu,Wed Aug 02 2023 15:22:09 GMT+0530 (India Standard Time),Wed Aug 02 2023 15:22:09 GMT+0530 (India Standard Time),yGPECv,false,44
clktju4fz00qdjjue6x6oztj7,Wed Aug 02 2023 15:22:09 GMT+0530 (India Standard Time),Wed Aug 02 2023 15:22:09 GMT+0530 (India Standard Time),eqccui,false,44
clktju4g400qfjjueps7whk12,Wed Aug 02 2023 15:22:09 GMT+0530 (India Standard Time),Wed Aug 02 2023 15:22:09 GMT+0530 (India Standard Time),glVnWd,false,44
clktju4g900qhjjuevao9h802,Wed Aug 02 2023 15:22:09 GMT+0530 (India Standard Time),Wed Aug 02 2023 15:22:09 GMT+0530 (India Standard Time),Pswdf2,false,44
clktju4ge00qjjjuedjqxlbjm,Wed Aug 02 2023 15:22:09 GMT+0530 (India Standard Time),Wed Aug 02 2023 15:22:09 GMT+0530 (India Standard Time),1LELx1,false,44
clktju4gj00qkjjuecstjgebb,Wed Aug 02 2023 15:22:10 GMT+0530 (India Standard Time),Wed Aug 02 2023 15:22:10 GMT+0530 (India Standard Time),ToDotu,false,44
clktju4go00qmjjue56jr288z,Wed Aug 02 2023 15:22:10 GMT+0530 (India Standard Time),Wed Aug 02 2023 15:22:10 GMT+0530 (India Standard Time),4QHpdQ,false,44
clktju4gt00qojjueh8biz10r,Wed Aug 02 2023 15:22:10 GMT+0530 (India Standard Time),Wed Aug 02 2023 15:22:10 GMT+0530 (India Standard Time),bYVvmt,false,44
clktju4gz00qqjjuebkvgunm2,Wed Aug 02 2023 15:22:10 GMT+0530 (India Standard Time),Wed Aug 02 2023 15:22:10 GMT+0530 (India Standard Time),sEUZxp,false,44
clktju4hc00qrjjue4zrawnsr,Wed Aug 02 2023 15:22:10 GMT+0530 (India Standard Time),Wed Aug 02 2023 15:22:10 GMT+0530 (India Standard Time),SHE2pi,false,44
clktju4hh00qtjjue55rlqj3l,Wed Aug 02 2023 15:22:10 GMT+0530 (India Standard Time),Wed Aug 02 2023 15:22:10 GMT+0530 (India Standard Time),n86mTB,false,44
clktju4hn00qvjjue2bl7unyn,Wed Aug 02 2023 15:22:10 GMT+0530 (India Standard Time),Wed Aug 02 2023 15:22:10 GMT+0530 (India Standard Time),JuufRR,false,44
clktju4hs00qwjjuewmtsrs73,Wed Aug 02 2023 15:22:10 GMT+0530 (India Standard Time),Wed Aug 02 2023 15:22:10 GMT+0530 (India Standard Time),IxeBVN,false,44
clktju4hx00qxjjue1zj7bjta,Wed Aug 02 2023 15:22:10 GMT+0530 (India Standard Time),Wed Aug 02 2023 15:22:10 GMT+0530 (India Standard Time),O4CKcL,false,44
clktju4i200qzjjuel85fw1z9,Wed Aug 02 2023 15:22:10 GMT+0530 (India Standard Time),Wed Aug 02 2023 15:22:10 GMT+0530 (India Standard Time),0YdN6g,false,44
clktju4i700r0jjue7wdbn8h6,Wed Aug 02 2023 15:22:10 GMT+0530 (India Standard Time),Wed Aug 02 2023 15:22:10 GMT+0530 (India Standard Time),2SViGB,false,44
clktju4ic00r2jjuez5h3fcdj,Wed Aug 02 2023 15:22:10 GMT+0530 (India Standard Time),Wed Aug 02 2023 15:22:10 GMT+0530 (India Standard Time),2MpKhc,false,44
clktju4ii00r4jjueqkry5l8t,Wed Aug 02 2023 15:22:10 GMT+0530 (India Standard Time),Wed Aug 02 2023 15:22:10 GMT+0530 (India Standard Time),KjBG60,false,44
clktju4in00r6jjueapupgc2s,Wed Aug 02 2023 15:22:10 GMT+0530 (India Standard Time),Wed Aug 02 2023 15:22:10 GMT+0530 (India Standard Time),dwmBD3,false,44
clktju4it00r7jjuemvnoenas,Wed Aug 02 2023 15:22:10 GMT+0530 (India Standard Time),Wed Aug 02 2023 15:22:10 GMT+0530 (India Standard Time),48CWlX,false,44
clktju4j000r9jjue93dd0ncv,Wed Aug 02 2023 15:22:10 GMT+0530 (India Standard Time),Wed Aug 02 2023 15:22:10 GMT+0530 (India Standard Time),tmBjIg,false,44
clktju4j600rajjue46w69cnb,Wed Aug 02 2023 15:22:10 GMT+0530 (India Standard Time),Wed Aug 02 2023 15:22:10 GMT+0530 (India Standard Time),KuvK74,false,44
clktju4jc00rbjjue7r12sygz,Wed Aug 02 2023 15:22:10 GMT+0530 (India Standard Time),Wed Aug 02 2023 15:22:10 GMT+0530 (India Standard Time),XECUgO,false,44
clktju4jh00rdjjuexsmtq7qv,Wed Aug 02 2023 15:22:10 GMT+0530 (India Standard Time),Wed Aug 02 2023 15:22:10 GMT+0530 (India Standard Time),Fiibg7,false,44
clktju4jn00rfjjuepn52t84s,Wed Aug 02 2023 15:22:10 GMT+0530 (India Standard Time),Wed Aug 02 2023 15:22:10 GMT+0530 (India Standard Time),AXdEgR,false,44
clktju4jt00rhjjuesvzuxe2u,Wed Aug 02 2023 15:22:10 GMT+0530 (India Standard Time),Wed Aug 02 2023 15:22:10 GMT+0530 (India Standard Time),3bfkg1,false,44
clktju4k000rjjjuevsqkfcjj,Wed Aug 02 2023 15:22:10 GMT+0530 (India Standard Time),Wed Aug 02 2023 15:22:10 GMT+0530 (India Standard Time),Cw5Iwv,false,44
clktju4k600rljjueaf81ddiq,Wed Aug 02 2023 15:22:10 GMT+0530 (India Standard Time),Wed Aug 02 2023 15:22:10 GMT+0530 (India Standard Time),kafSGL,false,44
clktju4kb00rmjjuez9gkwpb7,Wed Aug 02 2023 15:22:10 GMT+0530 (India Standard Time),Wed Aug 02 2023 15:22:10 GMT+0530 (India Standard Time),3U7aka,false,44
clktju4kf00rnjjue729p1wz5,Wed Aug 02 2023 15:22:10 GMT+0530 (India Standard Time),Wed Aug 02 2023 15:22:10 GMT+0530 (India Standard Time),m0lyuW,false,44
clktju4kk00rpjjuefpnmx6r6,Wed Aug 02 2023 15:22:10 GMT+0530 (India Standard Time),Wed Aug 02 2023 15:22:10 GMT+0530 (India Standard Time),zaE9ya,false,44
clktju4kp00rqjjueim2wff82,Wed Aug 02 2023 15:22:10 GMT+0530 (India Standard Time),Wed Aug 02 2023 15:22:10 GMT+0530 (India Standard Time),DGiHcu,false,44
clktju4lb00rsjjuerggnab5t,Wed Aug 02 2023 15:22:10 GMT+0530 (India Standard Time),Wed Aug 02 2023 15:22:10 GMT+0530 (India Standard Time),jjlmc0,false,44
clktju4li00rujjuepmo1h201,Wed Aug 02 2023 15:22:10 GMT+0530 (India Standard Time),Wed Aug 02 2023 15:22:10 GMT+0530 (India Standard Time),d6SUJa,false,44
clktju4ln00rwjjueby0j4vcv,Wed Aug 02 2023 15:22:10 GMT+0530 (India Standard Time),Wed Aug 02 2023 15:22:10 GMT+0530 (India Standard Time),NfVIuo,false,44
clktju4ls00ryjjuemec33n9t,Wed Aug 02 2023 15:22:10 GMT+0530 (India Standard Time),Wed Aug 02 2023 15:22:10 GMT+0530 (India Standard Time),hdqgB8,false,44
clktju4lx00s0jjuemkc4ibcp,Wed Aug 02 2023 15:22:10 GMT+0530 (India Standard Time),Wed Aug 02 2023 15:22:10 GMT+0530 (India Standard Time),ofsmVj,false,44
clktju4m300s1jjue6vwa3xug,Wed Aug 02 2023 15:22:10 GMT+0530 (India Standard Time),Wed Aug 02 2023 15:22:10 GMT+0530 (India Standard Time),WMIoea,false,44
clktju4m700s2jjuewgoiuqgt,Wed Aug 02 2023 15:22:10 GMT+0530 (India Standard Time),Wed Aug 02 2023 15:22:10 GMT+0530 (India Standard Time),AcwrnA,false,44
clktju4mc00s4jjuesf8i3cr5,Wed Aug 02 2023 15:22:10 GMT+0530 (India Standard Time),Wed Aug 02 2023 15:22:10 GMT+0530 (India Standard Time),vf7QIv,false,44
clktju4mh00s6jjuerkfslbcy,Wed Aug 02 2023 15:22:10 GMT+0530 (India Standard Time),Wed Aug 02 2023 15:22:10 GMT+0530 (India Standard Time),HhPMXw,false,44
clktju4mn00s8jjue1uc76ubn,Wed Aug 02 2023 15:22:10 GMT+0530 (India Standard Time),Wed Aug 02 2023 15:22:10 GMT+0530 (India Standard Time),k5i55u,false,44
clktju4ms00s9jjuewbr1b0cv,Wed Aug 02 2023 15:22:10 GMT+0530 (India Standard Time),Wed Aug 02 2023 15:22:10 GMT+0530 (India Standard Time),YlRUeG,false,44
clktju4mw00sajjuehh7z2ep7,Wed Aug 02 2023 15:22:10 GMT+0530 (India Standard Time),Wed Aug 02 2023 15:22:10 GMT+0530 (India Standard Time),7XmpvD,false,44
clktju4n100scjjuer5kpd1iu,Wed Aug 02 2023 15:22:10 GMT+0530 (India Standard Time),Wed Aug 02 2023 15:22:10 GMT+0530 (India Standard Time),NS1Lys,false,44
clktju4n600sdjjue9konbw92,Wed Aug 02 2023 15:22:10 GMT+0530 (India Standard Time),Wed Aug 02 2023 15:22:10 GMT+0530 (India Standard Time),piqwun,false,44
clktju4nc00sfjjue3lxgpw3y,Wed Aug 02 2023 15:22:10 GMT+0530 (India Standard Time),Wed Aug 02 2023 15:22:10 GMT+0530 (India Standard Time),9EWrsq,false,44
clktju4nh00sgjjuewo6rycv4,Wed Aug 02 2023 15:22:10 GMT+0530 (India Standard Time),Wed Aug 02 2023 15:22:10 GMT+0530 (India Standard Time),9t2iFn,false,44
clktju4nm00sijjue61x7oapy,Wed Aug 02 2023 15:22:10 GMT+0530 (India Standard Time),Wed Aug 02 2023 15:22:10 GMT+0530 (India Standard Time),x7zcfe,false,44
clktju4ns00sjjjue2i5tojkb,Wed Aug 02 2023 15:22:10 GMT+0530 (India Standard Time),Wed Aug 02 2023 15:22:10 GMT+0530 (India Standard Time),caVgxW,false,44
clktju4nx00sljjuehutipic3,Wed Aug 02 2023 15:22:10 GMT+0530 (India Standard Time),Wed Aug 02 2023 15:22:10 GMT+0530 (India Standard Time),aYQEgg,false,44
clktju4o100smjjuetxhorfjk,Wed Aug 02 2023 15:22:10 GMT+0530 (India Standard Time),Wed Aug 02 2023 15:22:10 GMT+0530 (India Standard Time),0upDKL,false,44
clktju4o700sojjueeffph8jt,Wed Aug 02 2023 15:22:10 GMT+0530 (India Standard Time),Wed Aug 02 2023 15:22:10 GMT+0530 (India Standard Time),C7ZUZM,false,44
clktju4oc00sqjjue444d2zok,Wed Aug 02 2023 15:22:10 GMT+0530 (India Standard Time),Wed Aug 02 2023 15:22:10 GMT+0530 (India Standard Time),G88Tcd,false,44
clktju4oh00srjjue5rqxz7nq,Wed Aug 02 2023 15:22:10 GMT+0530 (India Standard Time),Wed Aug 02 2023 15:22:10 GMT+0530 (India Standard Time),irQFrY,false,44
clktju4om00stjjue74bc08id,Wed Aug 02 2023 15:22:10 GMT+0530 (India Standard Time),Wed Aug 02 2023 15:22:10 GMT+0530 (India Standard Time),Nq2Low,false,44
clktju4or00sujjueavto58zq,Wed Aug 02 2023 15:22:10 GMT+0530 (India Standard Time),Wed Aug 02 2023 15:22:10 GMT+0530 (India Standard Time),weKOIC,false,44
clktju4ow00svjjuev44w08js,Wed Aug 02 2023 15:22:10 GMT+0530 (India Standard Time),Wed Aug 02 2023 15:22:10 GMT+0530 (India Standard Time),DxD74U,false,44
clktju4p100swjjueiy04rwvb,Wed Aug 02 2023 15:22:10 GMT+0530 (India Standard Time),Wed Aug 02 2023 15:22:10 GMT+0530 (India Standard Time),IlXTLP,false,44
clktju4p600syjjuee6zzwqpp,Wed Aug 02 2023 15:22:10 GMT+0530 (India Standard Time),Wed Aug 02 2023 15:22:10 GMT+0530 (India Standard Time),TEEQk7,false,44
clktju4pa00szjjue3ezh5yov,Wed Aug 02 2023 15:22:10 GMT+0530 (India Standard Time),Wed Aug 02 2023 15:22:10 GMT+0530 (India Standard Time),23kYUz,false,44
clktju4pg00t1jjuepmtkdbtp,Wed Aug 02 2023 15:22:10 GMT+0530 (India Standard Time),Wed Aug 02 2023 15:22:10 GMT+0530 (India Standard Time),jAXCYX,false,44
clktju4pl00t3jjue6weco8uq,Wed Aug 02 2023 15:22:10 GMT+0530 (India Standard Time),Wed Aug 02 2023 15:22:10 GMT+0530 (India Standard Time),NjpUxg,false,44
clktju4pq00t4jjuei05p9ea9,Wed Aug 02 2023 15:22:10 GMT+0530 (India Standard Time),Wed Aug 02 2023 15:22:10 GMT+0530 (India Standard Time),voLPXQ,false,44
clktju4pv00t5jjuew77slsd6,Wed Aug 02 2023 15:22:10 GMT+0530 (India Standard Time),Wed Aug 02 2023 15:22:10 GMT+0530 (India Standard Time),GfvYnJ,false,44
clktju4q000t6jjue8xexwuml,Wed Aug 02 2023 15:22:10 GMT+0530 (India Standard Time),Wed Aug 02 2023 15:22:10 GMT+0530 (India Standard Time),xWcuEK,false,44
clktju4q400t8jjueaezd0hpo,Wed Aug 02 2023 15:22:10 GMT+0530 (India Standard Time),Wed Aug 02 2023 15:22:10 GMT+0530 (India Standard Time),U1YJkn,false,44
clktju4q900t9jjuexgtpc84m,Wed Aug 02 2023 15:22:10 GMT+0530 (India Standard Time),Wed Aug 02 2023 15:22:10 GMT+0530 (India Standard Time),WDbisZ,false,44
clktju4qf00tbjjuekjfx05cv,Wed Aug 02 2023 15:22:10 GMT+0530 (India Standard Time),Wed Aug 02 2023 15:22:10 GMT+0530 (India Standard Time),FeSF4Q,false,44
clktju4qk00tcjjuej7ywhhmm,Wed Aug 02 2023 15:22:10 GMT+0530 (India Standard Time),Wed Aug 02 2023 15:22:10 GMT+0530 (India Standard Time),QZTOJX,false,44
clktju4qp00tdjjueay7q9rbl,Wed Aug 02 2023 15:22:10 GMT+0530 (India Standard Time),Wed Aug 02 2023 15:22:10 GMT+0530 (India Standard Time),prAVN9,false,44
clktju4qv00tejjuemkgge145,Wed Aug 02 2023 15:22:10 GMT+0530 (India Standard Time),Wed Aug 02 2023 15:22:10 GMT+0530 (India Standard Time),5VqF6h,false,44
clktju4r000tgjjue1pmdiikm,Wed Aug 02 2023 15:22:10 GMT+0530 (India Standard Time),Wed Aug 02 2023 15:22:10 GMT+0530 (India Standard Time),1KuqBQ,false,44
clktju4r500thjjuei6q6v96z,Wed Aug 02 2023 15:22:10 GMT+0530 (India Standard Time),Wed Aug 02 2023 15:22:10 GMT+0530 (India Standard Time),nNunbJ,false,44
clktju4ra00tijjue8l4ot1us,Wed Aug 02 2023 15:22:10 GMT+0530 (India Standard Time),Wed Aug 02 2023 15:22:10 GMT+0530 (India Standard Time),oCJlj5,false,44
clktju4rg00tjjjue25ofzdyy,Wed Aug 02 2023 15:22:10 GMT+0530 (India Standard Time),Wed Aug 02 2023 15:22:10 GMT+0530 (India Standard Time),i8GLsN,false,44
clktju4rl00tljjueemmoalvw,Wed Aug 02 2023 15:22:10 GMT+0530 (India Standard Time),Wed Aug 02 2023 15:22:10 GMT+0530 (India Standard Time),dLJYID,false,44
clktju4rq00tnjjuett3ct27c,Wed Aug 02 2023 15:22:10 GMT+0530 (India Standard Time),Wed Aug 02 2023 15:22:10 GMT+0530 (India Standard Time),qSvPYI,false,44
clktju4rv00tojjuemb948jnj,Wed Aug 02 2023 15:22:10 GMT+0530 (India Standard Time),Wed Aug 02 2023 15:22:10 GMT+0530 (India Standard Time),LnJVqr,false,44
clktju4s100tpjjue6q134zau,Wed Aug 02 2023 15:22:10 GMT+0530 (India Standard Time),Wed Aug 02 2023 15:22:10 GMT+0530 (India Standard Time),dOPR0S,false,44
clktju4s600tqjjue9yol8itk,Wed Aug 02 2023 15:22:10 GMT+0530 (India Standard Time),Wed Aug 02 2023 15:22:10 GMT+0530 (India Standard Time),jeEXZP,false,44
clktju4sc00trjjuejctrk447,Wed Aug 02 2023 15:22:10 GMT+0530 (India Standard Time),Wed Aug 02 2023 15:22:10 GMT+0530 (India Standard Time),v4b69y,false,44
clktju4sh00tsjjue36lhqa7l,Wed Aug 02 2023 15:22:10 GMT+0530 (India Standard Time),Wed Aug 02 2023 15:22:10 GMT+0530 (India Standard Time),sUFosM,false,44
clktju4sm00tujjue1twuxgd7,Wed Aug 02 2023 15:22:10 GMT+0530 (India Standard Time),Wed Aug 02 2023 15:22:10 GMT+0530 (India Standard Time),BlHD1w,false,44
clktju4ss00tvjjuegoex7kdq,Wed Aug 02 2023 15:22:10 GMT+0530 (India Standard Time),Wed Aug 02 2023 15:22:10 GMT+0530 (India Standard Time),WJ0f74,false,44
clktju4sx00txjjueo3279gfv,Wed Aug 02 2023 15:22:10 GMT+0530 (India Standard Time),Wed Aug 02 2023 15:22:10 GMT+0530 (India Standard Time),wggNvm,false,44
clktju4t200tzjjueuzhbv30d,Wed Aug 02 2023 15:22:10 GMT+0530 (India Standard Time),Wed Aug 02 2023 15:22:10 GMT+0530 (India Standard Time),HptLpk,false,44
clktju4t900u0jjuedax2ht8g,Wed Aug 02 2023 15:22:10 GMT+0530 (India Standard Time),Wed Aug 02 2023 15:22:10 GMT+0530 (India Standard Time),pax5m9,false,44
clktju4te00u2jjuels77g9fk,Wed Aug 02 2023 15:22:10 GMT+0530 (India Standard Time),Wed Aug 02 2023 15:22:10 GMT+0530 (India Standard Time),eQMKhs,false,44
clktju4tj00u3jjue9h91z2tq,Wed Aug 02 2023 15:22:10 GMT+0530 (India Standard Time),Wed Aug 02 2023 15:22:10 GMT+0530 (India Standard Time),t6p0s0,false,44
clktju4to00u5jjue12vjhmlr,Wed Aug 02 2023 15:22:10 GMT+0530 (India Standard Time),Wed Aug 02 2023 15:22:10 GMT+0530 (India Standard Time),ee1pkr,false,44
clktju4tt00u7jjuekta0wczg,Wed Aug 02 2023 15:22:10 GMT+0530 (India Standard Time),Wed Aug 02 2023 15:22:10 GMT+0530 (India Standard Time),0HM0bP,false,44
clktju4tz00u9jjueqtneqjup,Wed Aug 02 2023 15:22:10 GMT+0530 (India Standard Time),Wed Aug 02 2023 15:22:10 GMT+0530 (India Standard Time),WTQJWj,false,44
clktju4u400uajjuedsnqcang,Wed Aug 02 2023 15:22:10 GMT+0530 (India Standard Time),Wed Aug 02 2023 15:22:10 GMT+0530 (India Standard Time),foq8Se,false,44
clktju4ua00ucjjueczyy91nn,Wed Aug 02 2023 15:22:10 GMT+0530 (India Standard Time),Wed Aug 02 2023 15:22:10 GMT+0530 (India Standard Time),EzCZma,false,44
clktju4uf00uejjuepqifcn27,Wed Aug 02 2023 15:22:10 GMT+0530 (India Standard Time),Wed Aug 02 2023 15:22:10 GMT+0530 (India Standard Time),XW6l87,false,44
clktju4uk00ufjjuemkroy2fe,Wed Aug 02 2023 15:22:10 GMT+0530 (India Standard Time),Wed Aug 02 2023 15:22:10 GMT+0530 (India Standard Time),2cqjTq,false,44
clktju4uo00uhjjuetq541hkm,Wed Aug 02 2023 15:22:10 GMT+0530 (India Standard Time),Wed Aug 02 2023 15:22:10 GMT+0530 (India Standard Time),chGWf4,false,44
clktju4us00ujjjuencixuxie,Wed Aug 02 2023 15:22:10 GMT+0530 (India Standard Time),Wed Aug 02 2023 15:22:10 GMT+0530 (India Standard Time),o4vLWb,false,44
clktju4ux00ukjjue7ka1bp6f,Wed Aug 02 2023 15:22:10 GMT+0530 (India Standard Time),Wed Aug 02 2023 15:22:10 GMT+0530 (India Standard Time),6ZPJ4L,false,44
clktju4v200uljjuegp7d8i92,Wed Aug 02 2023 15:22:10 GMT+0530 (India Standard Time),Wed Aug 02 2023 15:22:10 GMT+0530 (India Standard Time),5lXdf1,false,44
clktju4v700unjjuegkhze4xp,Wed Aug 02 2023 15:22:10 GMT+0530 (India Standard Time),Wed Aug 02 2023 15:22:10 GMT+0530 (India Standard Time),mlLLso,false,44
clktju4vb00upjjuebvnnhkv6,Wed Aug 02 2023 15:22:10 GMT+0530 (India Standard Time),Wed Aug 02 2023 15:22:10 GMT+0530 (India Standard Time),sbEXhy,false,44
clktju4vg00urjjueugdg3bnx,Wed Aug 02 2023 15:22:10 GMT+0530 (India Standard Time),Wed Aug 02 2023 15:22:10 GMT+0530 (India Standard Time),Xge2W0,false,44
clktju4vl00utjjuea54yptoy,Wed Aug 02 2023 15:22:10 GMT+0530 (India Standard Time),Wed Aug 02 2023 15:22:10 GMT+0530 (India Standard Time),zG0LGP,false,44
clktju4vq00uvjjuesonw2r05,Wed Aug 02 2023 15:22:10 GMT+0530 (India Standard Time),Wed Aug 02 2023 15:22:10 GMT+0530 (India Standard Time),CkzMhO,false,44
clktju4vv00uwjjuej4lvvv5u,Wed Aug 02 2023 15:22:10 GMT+0530 (India Standard Time),Wed Aug 02 2023 15:22:10 GMT+0530 (India Standard Time),Vtkz3O,false,44
clktju4vz00uyjjuej1vseoou,Wed Aug 02 2023 15:22:10 GMT+0530 (India Standard Time),Wed Aug 02 2023 15:22:10 GMT+0530 (India Standard Time),YtDQMY,false,44
clktju4w400uzjjueedtxufef,Wed Aug 02 2023 15:22:10 GMT+0530 (India Standard Time),Wed Aug 02 2023 15:22:10 GMT+0530 (India Standard Time),BylOL2,false,44
clktju4w800v1jjue8rp1sh73,Wed Aug 02 2023 15:22:10 GMT+0530 (India Standard Time),Wed Aug 02 2023 15:22:10 GMT+0530 (India Standard Time),HIwmZr,false,44
clktju4wd00v2jjue5ulq5noh,Wed Aug 02 2023 15:22:10 GMT+0530 (India Standard Time),Wed Aug 02 2023 15:22:10 GMT+0530 (India Standard Time),ht36c5,false,44
clktju4wk00v3jjuef7h6d2wv,Wed Aug 02 2023 15:22:10 GMT+0530 (India Standard Time),Wed Aug 02 2023 15:22:10 GMT+0530 (India Standard Time),HUwZEY,false,44
clktju4wo00v5jjuex52eoh7v,Wed Aug 02 2023 15:22:10 GMT+0530 (India Standard Time),Wed Aug 02 2023 15:22:10 GMT+0530 (India Standard Time),wHC1qx,false,44
clktju4wt00v7jjuesbf9a0o0,Wed Aug 02 2023 15:22:10 GMT+0530 (India Standard Time),Wed Aug 02 2023 15:22:10 GMT+0530 (India Standard Time),cN3clu,false,44
clktju4wz00v9jjuepa1zfgjs,Wed Aug 02 2023 15:22:10 GMT+0530 (India Standard Time),Wed Aug 02 2023 15:22:10 GMT+0530 (India Standard Time),Pys8py,false,44
clktju4x400vbjjueqd5yocbp,Wed Aug 02 2023 15:22:10 GMT+0530 (India Standard Time),Wed Aug 02 2023 15:22:10 GMT+0530 (India Standard Time),iq0osT,false,44
clktju4x800vdjjuexnh78zv0,Wed Aug 02 2023 15:22:10 GMT+0530 (India Standard Time),Wed Aug 02 2023 15:22:10 GMT+0530 (India Standard Time),nk8CKo,false,44
clktju4xc00vfjjuei3cwcwie,Wed Aug 02 2023 15:22:10 GMT+0530 (India Standard Time),Wed Aug 02 2023 15:22:10 GMT+0530 (India Standard Time),T1RfPB,false,44
clktju4xh00vgjjue0rvrn1u3,Wed Aug 02 2023 15:22:10 GMT+0530 (India Standard Time),Wed Aug 02 2023 15:22:10 GMT+0530 (India Standard Time),dZKRM9,false,44
clktju4xm00vijjue81aodcz3,Wed Aug 02 2023 15:22:10 GMT+0530 (India Standard Time),Wed Aug 02 2023 15:22:10 GMT+0530 (India Standard Time),7Js3SJ,false,44
clktju4xr00vkjjuededevkwz,Wed Aug 02 2023 15:22:10 GMT+0530 (India Standard Time),Wed Aug 02 2023 15:22:10 GMT+0530 (India Standard Time),x6t6h9,false,44
clktju4xw00vmjjuezcpjg35n,Wed Aug 02 2023 15:22:10 GMT+0530 (India Standard Time),Wed Aug 02 2023 15:22:10 GMT+0530 (India Standard Time),rgDDhH,false,44
clktju4y100vojjuebcincjk4,Wed Aug 02 2023 15:22:10 GMT+0530 (India Standard Time),Wed Aug 02 2023 15:22:10 GMT+0530 (India Standard Time),XIGwKB,false,44
clktju4y500vqjjuemvpt1hvm,Wed Aug 02 2023 15:22:10 GMT+0530 (India Standard Time),Wed Aug 02 2023 15:22:10 GMT+0530 (India Standard Time),s5RWGR,false,44
clktju4ya00vrjjuevy03sh4q,Wed Aug 02 2023 15:22:10 GMT+0530 (India Standard Time),Wed Aug 02 2023 15:22:10 GMT+0530 (India Standard Time),BIR9Ok,false,44
clktju4yf00vsjjuewgz8ux7n,Wed Aug 02 2023 15:22:10 GMT+0530 (India Standard Time),Wed Aug 02 2023 15:22:10 GMT+0530 (India Standard Time),ha9WnD,false,44
clktju4yl00vtjjue0rtrs2j3,Wed Aug 02 2023 15:22:10 GMT+0530 (India Standard Time),Wed Aug 02 2023 15:22:10 GMT+0530 (India Standard Time),hFKwuF,false,44
clktju4yq00vujjue8zzz15gs,Wed Aug 02 2023 15:22:10 GMT+0530 (India Standard Time),Wed Aug 02 2023 15:22:10 GMT+0530 (India Standard Time),frOA42,false,44
clktju4yv00vvjjuex9dcgyo2,Wed Aug 02 2023 15:22:10 GMT+0530 (India Standard Time),Wed Aug 02 2023 15:22:10 GMT+0530 (India Standard Time),MVQOip,false,44
clktju4z000vxjjuedo9n7crg,Wed Aug 02 2023 15:22:10 GMT+0530 (India Standard Time),Wed Aug 02 2023 15:22:10 GMT+0530 (India Standard Time),JTWB1J,false,44
clktju4z400vyjjuewi3w7fln,Wed Aug 02 2023 15:22:10 GMT+0530 (India Standard Time),Wed Aug 02 2023 15:22:10 GMT+0530 (India Standard Time),7Z8cpM,false,44
clktju4za00w0jjue963pro7e,Wed Aug 02 2023 15:22:10 GMT+0530 (India Standard Time),Wed Aug 02 2023 15:22:10 GMT+0530 (India Standard Time),cguWZG,false,44
clktju4zf00w1jjueh3byl0hl,Wed Aug 02 2023 15:22:10 GMT+0530 (India Standard Time),Wed Aug 02 2023 15:22:10 GMT+0530 (India Standard Time),vHExap,false,44
clktju4zj00w3jjuei5cv8y38,Wed Aug 02 2023 15:22:10 GMT+0530 (India Standard Time),Wed Aug 02 2023 15:22:10 GMT+0530 (India Standard Time),k1fjUJ,false,44
clktju4zo00w4jjueirai432u,Wed Aug 02 2023 15:22:10 GMT+0530 (India Standard Time),Wed Aug 02 2023 15:22:10 GMT+0530 (India Standard Time),sCab5Q,false,44
clktju4zu00w6jjuerwigfqpl,Wed Aug 02 2023 15:22:10 GMT+0530 (India Standard Time),Wed Aug 02 2023 15:22:10 GMT+0530 (India Standard Time),0NkWaq,false,44
clktju4zy00w8jjuer8zzsvji,Wed Aug 02 2023 15:22:10 GMT+0530 (India Standard Time),Wed Aug 02 2023 15:22:10 GMT+0530 (India Standard Time),iEYslQ,false,44
clktju50300wajjueiuofz73v,Wed Aug 02 2023 15:22:10 GMT+0530 (India Standard Time),Wed Aug 02 2023 15:22:10 GMT+0530 (India Standard Time),DMxTj5,false,44
clktju50800wcjjue4ia9t632,Wed Aug 02 2023 15:22:10 GMT+0530 (India Standard Time),Wed Aug 02 2023 15:22:10 GMT+0530 (India Standard Time),byllKo,false,44
clktju50d00wdjjue2fqj5q2u,Wed Aug 02 2023 15:22:10 GMT+0530 (India Standard Time),Wed Aug 02 2023 15:22:10 GMT+0530 (India Standard Time),pPAPLK,false,44
clktju50i00wfjjueurlx7cg1,Wed Aug 02 2023 15:22:10 GMT+0530 (India Standard Time),Wed Aug 02 2023 15:22:10 GMT+0530 (India Standard Time),vE1Uau,false,44
clktju50m00whjjue9f2881lh,Wed Aug 02 2023 15:22:10 GMT+0530 (India Standard Time),Wed Aug 02 2023 15:22:10 GMT+0530 (India Standard Time),VIfYhP,false,44
clktju50s00wijjues3xycsza,Wed Aug 02 2023 15:22:10 GMT+0530 (India Standard Time),Wed Aug 02 2023 15:22:10 GMT+0530 (India Standard Time),rsej5j,false,44
clktju50x00wjjjueglhtxjyh,Wed Aug 02 2023 15:22:10 GMT+0530 (India Standard Time),Wed Aug 02 2023 15:22:10 GMT+0530 (India Standard Time),zTgerO,false,44
clktju51100wljjuecmwz8yqz,Wed Aug 02 2023 15:22:10 GMT+0530 (India Standard Time),Wed Aug 02 2023 15:22:10 GMT+0530 (India Standard Time),RMlDyZ,false,44
clktju51700wmjjueq7e6agvt,Wed Aug 02 2023 15:22:10 GMT+0530 (India Standard Time),Wed Aug 02 2023 15:22:10 GMT+0530 (India Standard Time),QyBpk3,false,44
clktju51c00wnjjueq9eo71pr,Wed Aug 02 2023 15:22:10 GMT+0530 (India Standard Time),Wed Aug 02 2023 15:22:10 GMT+0530 (India Standard Time),mLnVYO,false,44
clktju51h00wojjueshyml5i1,Wed Aug 02 2023 15:22:10 GMT+0530 (India Standard Time),Wed Aug 02 2023 15:22:10 GMT+0530 (India Standard Time),ui9ou7,false,44
clktju51m00wqjjue71wdft9l,Wed Aug 02 2023 15:22:10 GMT+0530 (India Standard Time),Wed Aug 02 2023 15:22:10 GMT+0530 (India Standard Time),1Z3yZi,false,44
clktju51r00wsjjuefs9mwpui,Wed Aug 02 2023 15:22:10 GMT+0530 (India Standard Time),Wed Aug 02 2023 15:22:10 GMT+0530 (India Standard Time),yXcBxT,false,44
clktju51w00wujjuew0c35kjz,Wed Aug 02 2023 15:22:10 GMT+0530 (India Standard Time),Wed Aug 02 2023 15:22:10 GMT+0530 (India Standard Time),RNFPXv,false,44
clktju52100wvjjuenpffheyv,Wed Aug 02 2023 15:22:10 GMT+0530 (India Standard Time),Wed Aug 02 2023 15:22:10 GMT+0530 (India Standard Time),B9OyyC,false,44
clktju52600wxjjuem387c8hp,Wed Aug 02 2023 15:22:10 GMT+0530 (India Standard Time),Wed Aug 02 2023 15:22:10 GMT+0530 (India Standard Time),6LJ011,false,44
clktju52a00wzjjuehje6ms61,Wed Aug 02 2023 15:22:10 GMT+0530 (India Standard Time),Wed Aug 02 2023 15:22:10 GMT+0530 (India Standard Time),VY6LAU,false,44
clktju52f00x1jjue3ynjw1bi,Wed Aug 02 2023 15:22:10 GMT+0530 (India Standard Time),Wed Aug 02 2023 15:22:10 GMT+0530 (India Standard Time),mxwIh2,false,44
clktju52k00x2jjuem5stfb0v,Wed Aug 02 2023 15:22:10 GMT+0530 (India Standard Time),Wed Aug 02 2023 15:22:10 GMT+0530 (India Standard Time),k68kKO,false,44
clktju52p00x4jjue26xnnyqd,Wed Aug 02 2023 15:22:10 GMT+0530 (India Standard Time),Wed Aug 02 2023 15:22:10 GMT+0530 (India Standard Time),gWSByw,false,44